job_title,company,location,url
Test Software Developer,OIP Space Instruments,Audenarde,https://www.jobat.be/fr/emplois/test-software-developer/job_2951436
Full Stack Developer,Keyence International,Malines,https://www.jobat.be/fr/emplois/full-stack-developer/job_2927250
Senior Java Developer,Smals,Bruxelles,https://www.jobat.be/fr/emplois/senior-java-developer/job_2921930
Java Software Engineer,Smals,Bruxelles,https://www.jobat.be/fr/emplois/java-software-engineer/job_2966340
SAS Developer,Smals,Bruxelles,https://www.jobat.be/fr/emplois/sas-developer/job_2957501
Front-end web developer,University of Antwerp,Wilrijk,https://www.jobat.be/fr/emplois/front-end-web-developer/job_2981402
Analyste - programmeur,IFAPME,Charleroi,https://www.jobat.be/fr/emplois/analyste-programmeur/job_2947558
SENIOR ANALYST SOFTWARE ENGINEER,Safran Aero Boosters (Techspace Aero),Milmort,https://www.jobat.be/fr/emplois/senior-analyst-software-engineer/job_2979754
Lead Developer – Software Architect,Smals,Bruxelles,https://www.jobat.be/fr/emplois/lead-developer-software-architect/job_2957499
.Net Developer,Smals,Bruxelles,https://www.jobat.be/fr/emplois/net-developer/job_2957475
Medior PHP Developer | Industriële sector,Pensaert & Partners BV,Flandre orientale,https://www.jobat.be/fr/emplois/medior-php-developer-industriele-sector/job_2979000
Angular Developer | Programmatie machines,Pensaert & Partners BV,Flandre occidentale,https://www.jobat.be/fr/emplois/angular-developer-programmatie-machines/job_2962763
Full Stack Developer | Pionier in hard-en software toepassingen,Pensaert & Partners BV,Flandre occidentale,https://www.jobat.be/fr/emplois/full-stack-developer-pionier-in-hard-en-software-toepassingen/job_2970153
"Junior Software Engineer | AI, C++/C#",Kwery,Flandre occidentale,https://www.jobat.be/fr/emplois/junior-software-engineer-ai-c-c/job_2957967
Full Stack Developer | Complexe projecten,Pensaert & Partners BV,Anvers (prov),https://www.jobat.be/fr/emplois/full-stack-developer-complexe-projecten/job_2960624
SOFTWARE DEVELOPERS - High Tech Design - Brussels & Liege,EyeTech Solutions,Bruxelles,https://www.jobat.be/fr/emplois/software-developers-high-tech-design-brussels-liege/job_2986467
"Full Stack Developer | Consultancy, extra certificaten",Kwery,Flandre orientale,https://www.jobat.be/fr/emplois/full-stack-developer-consultancy-extra-certificaten/job_2953858
.NET/C# Developer | Big ID Company | Brussels,EyeTech Solutions,Bruxelles,https://www.jobat.be/fr/emplois/net-c-developer-big-id-company-brussels/job_2942693
EMBEDDED SOFTWARE ENGINEER - Production Sector - Liege,EyeTech Solutions,Liège (prov),https://www.jobat.be/fr/emplois/embedded-software-engineer-production-sector-liege/job_2973516
CLOUD SOFTWARE ENGINEER - IT CONSULTANCY - Brussels East,EyeTech Solutions,Bruxelles,https://www.jobat.be/fr/emplois/cloud-software-engineer-it-consultancy-brussels-east/job_2943681
Senior Appian Developer,Smals,Bruxelles,https://www.jobat.be/fr/emplois/senior-appian-developer/job_2925394
DevOps Engineer,Smals,Bruxelles,https://www.jobat.be/fr/emplois/devops-engineer/job_2957487
Embedded Software Developer,CTRL-F Foreign Engineering,Flandre occidentale,https://www.jobat.be/fr/emplois/embedded-software-developer/job_2592985
Python Developer,CTRL-F Foreign Engineering,Anvers (prov),https://www.jobat.be/fr/emplois/python-developer/job_2384580
Automaticien programmeur,Client of Manpower,Eupen,https://www.jobat.be/fr/emplois/automaticien-programmeur/job_2952896
Senior DevOps Engineer,Smals,Bruxelles,https://www.jobat.be/fr/emplois/senior-devops-engineer/job_2957479
Medior en Senior .Net developer - Ieper,Experis IT,Ypres,https://www.jobat.be/fr/emplois/medior-en-senior-net-developer-ieper/job_2953268
Developers Python C#,Accent,Liège (prov),https://www.jobat.be/fr/emplois/developers-python-c/job_2954325
Salesforce Marketing Campaign Developer,USG Professionals,Anvers (prov),https://www.jobat.be/fr/emplois/salesforce-marketing-campaign-developer/job_2946463
CNC programmeur,AGO Jobs & HR,Alveringem,https://www.jobat.be/fr/emplois/cnc-programmeur/job_2980999
